Vehiculo_Fisico,Secuencia,Cluster_Visitado,Clase_K,Nodo,Direccion,Coordenadas,Distancia_Recorrida_km,Tiempo_Viaje_min,Hora_Llegada,Ventana,Inicio_Servicio,Tiempo_Servicio_min,Vol_L,Peso_kg,Tiempo_Espera_min,Violacion_Vol,Violacion_Peso,Violacion_Ventana_min,Estado
1,0,6,K11,DEPOT_01_BASE,Base Depósito,"(-33.4713, -70.6268)",0.0,0.0,09:00,—,09:00,—,—,—,—,0.0,0.0,—,🚗
1,1,6,K11,ORD-CL-202612-000197_12172627  6,"calle san diego 9161, Recoleta, Santiago, Chile","(-33.4441, -70.6517)",4.92,14.1,09:14,"[09:00, 11:00]",09:14,5.0,2704.0,358.4,0.0,0.0,0.0,0.0,✅
1,2,6,K11,DEPOT_01_BASE,Base Depósito,"(-33.4713, -70.6268)",4.88,13.9,09:33,—,—,—,—,—,—,0.0,0.0,—,🏠
1,3,6,K12,DEPOT_01_BASE,Base Depósito,"(-33.4713, -70.6268)",0.0,0.0,15:00,—,15:00,—,—,—,—,0.0,0.0,—,🚗
1,4,6,K12,ORD-CL-202612-000196_204415159,"calle arturo prat 1187, Ñuñoa, Santiago, Chile","(-33.4595, -70.6472)",3.25,7.8,15:07,"[09:00, 21:00]",15:07,5.0,1895.3,289.6,0.0,0.0,0.0,0.0,✅
1,5,6,K12,ORD-CL-202612-000116_73802946,"avenida. libertador bernardo o'higgins 4192, Providencia, Santiago, Chile","(-33.4441, -70.6511)",1.99,4.8,15:17,"[09:00, 21:00]",15:17,5.0,409.0,59.3,0.0,0.0,0.0,0.0,✅
1,6,6,K12,DEPOT_01_BASE,Base Depósito,"(-33.4713, -70.6268)",4.83,11.9,15:34,—,—,—,—,—,—,0.0,0.0,—,🏠
2,0,0,K11,DEPOT_01_BASE,Base Depósito,"(-33.4713, -70.6268)",0.0,0.0,09:00,—,09:00,—,—,—,—,0.0,0.0,—,🚗
2,1,0,K11,ORD-CL-202612-000002_173134031,"avenida. la florida 7678, Macul, Santiago, Chile","(-33.5231, -70.5782)",8.29,23.7,09:23,"[09:00, 21:00]",09:23,5.0,4239.4,505.6,0.0,0.0,0.0,0.0,✅
2,2,0,K11,DEPOT_01_BASE,Base Depósito,"(-33.4713, -70.6268)",8.39,24.0,09:52,—,—,—,—,—,—,0.0,0.0,—,🏠
2,3,6,K12,DEPOT_01_BASE,Base Depósito,"(-33.4713, -70.6268)",0.0,0.0,15:00,—,15:00,—,—,—,—,0.0,0.0,—,🚗
2,4,6,K12,ORD-CL-202612-000188_146386625,"avenida. libertador bernardo o'higgins 9819, Macul, Santiago, Chile","(-33.4451, -70.6574)",5.42,13.0,15:12,"[09:00, 21:00]",15:12,5.0,3169.8,425.3,0.0,0.0,0.0,0.0,✅
2,5,6,K12,ORD-CL-202612-000184_21805102  0,"calle arturo prat 175, Peñalolén, Santiago, Chile","(-33.4464, -70.6498)",0.98,2.4,15:20,"[15:00, 17:00]",15:20,5.0,226.3,29.0,0.0,0.0,0.0,0.0,✅
2,6,6,K12,DEPOT_01_BASE,Base Depósito,"(-33.4713, -70.6268)",4.57,11.4,15:36,—,—,—,—,—,—,0.0,0.0,—,🏠
3,0,4,K11,DEPOT_01_BASE,Base Depósito,"(-33.4713, -70.6268)",0.0,0.0,09:00,—,09:00,—,—,—,—,0.0,0.0,—,🚗
3,1,4,K11,ORD-CL-202612-000039_64956582,"avenida. tobalaba 9986, Las Condes, Santiago, Chile","(-33.4298, -70.5862)",7.57,21.6,09:21,"[09:00, 21:00]",09:21,5.0,3005.7,379.0,0.0,0.0,0.0,0.0,✅
3,2,4,K11,ORD-CL-202612-000179_121067557,"avenida. pedro de valdivia 4433, Peñalolén, Santiago, Chile","(-33.4638, -70.6065)",5.21,14.9,09:41,"[09:00, 21:00]",09:41,5.0,716.4,154.0,0.0,0.0,0.0,0.0,✅
3,3,4,K11,DEPOT_01_BASE,Base Depósito,"(-33.4713, -70.6268)",2.67,7.5,09:53,—,—,—,—,—,—,0.0,0.0,—,🏠
3,4,0,K12,DEPOT_01_BASE,Base Depósito,"(-33.4713, -70.6268)",0.0,0.0,15:00,—,15:00,—,—,—,—,0.0,0.0,—,🚗
3,5,0,K12,ORD-CL-202612-000019_156820915,"avenida. tobalaba 3402, Macul, Santiago, Chile","(-33.5193, -70.5577)",9.86,23.7,15:23,"[09:00, 21:00]",15:23,5.0,2163.4,238.1,0.0,0.0,0.0,0.0,✅
3,6,0,K12,ORD-CL-202612-000092_162059956,"avenida. providencia 4727, La Florida, Santiago, Chile","(-33.5150, -70.5605)",0.62,1.5,15:30,"[15:00, 17:00]",15:30,5.0,892.8,131.5,0.0,0.0,0.0,0.0,✅
3,7,0,K12,ORD-CL-202612-000060_199941644,"avenida. macul 7795, Maipú, Santiago, Chile","(-33.5085, -70.5618)",0.89,2.3,15:37,"[09:00, 21:00]",15:37,5.0,577.7,83.3,0.0,0.0,0.0,0.0,✅
3,8,0,K12,DEPOT_01_BASE,Base Depósito,"(-33.4713, -70.6268)",8.83,23.0,16:05,—,—,—,—,—,—,0.0,0.0,—,🏠
4,0,6,K11,DEPOT_01_BASE,Base Depósito,"(-33.4713, -70.6268)",0.0,0.0,09:00,—,09:00,—,—,—,—,0.0,0.0,—,🚗
4,1,6,K11,ORD-CL-202612-000166_9709625  6,"calle arturo prat 2589, Peñalolén, Santiago, Chile","(-33.4783, -70.6465)",2.8,8.0,09:08,"[09:00, 11:00]",09:08,5.0,1056.7,190.9,0.0,0.0,0.0,0.0,✅
4,2,6,K11,ORD-CL-202612-000093_134538869,"calle catedral 2615, Providencia, Santiago, Chile","(-33.4376, -70.6541)",4.89,14.0,09:26,"[09:00, 21:00]",09:26,5.0,937.2,124.3,0.0,0.0,0.0,0.0,✅
4,3,6,K11,ORD-CL-202612-000088_79249631,"calle monjitas 7974, Recoleta, Santiago, Chile","(-33.4359, -70.6420)",1.7,4.9,09:36,"[09:00, 11:00]",09:36,5.0,940.8,161.2,0.0,0.0,0.0,0.0,✅
4,4,6,K11,DEPOT_01_BASE,Base Depósito,"(-33.4713, -70.6268)",4.62,13.1,09:54,—,—,—,—,—,—,0.0,0.0,—,🏠
4,5,5,K12,DEPOT_01_BASE,Base Depósito,"(-33.4713, -70.6268)",0.0,0.0,15:00,—,15:00,—,—,—,—,0.0,0.0,—,🚗
4,6,5,K12,ORD-CL-202612-000071_212196364,"avenida. pajaritos 3626, Estación Central, Santiago, Chile","(-33.4586, -70.7132)",9.72,23.3,15:23,"[15:00, 17:00]",15:23,5.0,1006.0,197.4,0.0,0.0,0.0,0.0,✅
4,7,5,K12,ORD-CL-202612-000121_102139227,"calle bandera 3131, Estación Central, Santiago, Chile","(-33.4594, -70.6985)",1.65,4.1,15:32,"[09:00, 21:00]",15:32,5.0,1152.4,159.0,0.0,0.0,0.0,0.0,✅
4,8,5,K12,ORD-CL-202612-000143_14358394    1,"avenida. matta 9543, Estación Central, Santiago, Chile","(-33.4594, -70.6985)",0.0,0.0,15:37,"[09:00, 21:00]",15:37,5.0,74.2,18.0,0.0,0.0,0.0,0.0,✅
4,9,5,K12,ORD-CL-202612-000015_93475810,"calle morande 6751, Estación Central, Santiago, Chile","(-33.4594, -70.6985)",0.0,0.0,15:42,"[09:00, 21:00]",15:42,5.0,266.4,74.4,0.0,0.0,0.0,0.0,✅
4,10,5,K12,DEPOT_01_BASE,Base Depósito,"(-33.4713, -70.6268)",8.1,21.1,16:08,—,—,—,—,—,—,0.0,0.0,—,🏠
5,0,0,K11,DEPOT_01_BASE,Base Depósito,"(-33.4713, -70.6268)",0.0,0.0,09:00,—,09:00,—,—,—,—,0.0,0.0,—,🚗
5,1,0,K11,ORD-CL-202612-000082_198569524,"avenida. departamental 2287, La Florida, Santiago, Chile","(-33.5107, -70.5799)",7.17,20.5,09:20,"[09:00, 11:00]",09:20,5.0,481.1,96.3,0.0,0.0,0.0,0.0,✅
5,2,0,K11,ORD-CL-202612-000139_162296701,"avenida. pajaritos 9174, La Florida, Santiago, Chile","(-33.5203, -70.5784)",1.16,3.3,09:28,"[09:00, 21:00]",09:28,5.0,614.9,114.0,0.0,0.0,0.0,0.0,✅
5,3,0,K11,ORD-CL-202612-000177_19337908  6,"avenida. la florida 2133, Macul, Santiago, Chile","(-33.5195, -70.5807)",0.26,0.8,09:34,"[09:00, 21:00]",09:34,5.0,905.8,185.3,0.0,0.0,0.0,0.0,✅
5,4,0,K11,DEPOT_01_BASE,Base Depósito,"(-33.4713, -70.6268)",7.75,22.1,10:01,—,—,—,—,—,—,0.0,0.0,—,🏠
5,5,7,K12,DEPOT_01_BASE,Base Depósito,"(-33.4713, -70.6268)",0.0,0.0,15:00,—,15:00,—,—,—,—,0.0,0.0,—,🚗
5,6,7,K12,ORD-CL-202612-000020_10263868  8,"avenida. manuel montt 3031, Maipú, Santiago, Chile","(-33.5616, -70.5632)",13.07,31.4,15:31,"[15:00, 17:00]",15:31,5.0,3905.5,441.5,0.0,0.0,0.0,0.0,✅
5,7,7,K12,DEPOT_01_BASE,Base Depósito,"(-33.4713, -70.6268)",13.22,33.9,16:10,—,—,—,—,—,—,0.0,0.0,—,🏠
6,0,5,K11,DEPOT_01_BASE,Base Depósito,"(-33.4713, -70.6268)",0.0,0.0,09:00,—,09:00,—,—,—,—,0.0,0.0,—,🚗
6,1,5,K11,ORD-CL-202612-000022_169468917,"avenida. pajaritos 7516, Maipú, Santiago, Chile","(-33.4719, -70.7376)",11.58,33.1,09:33,"[09:00, 21:00]",09:33,5.0,929.9,130.3,0.0,0.0,0.0,0.0,✅
6,2,5,K11,ORD-CL-202612-000141_140162225,"calle san antonio 2631, La Reina, Santiago, Chile","(-33.5736, -70.8152)",12.14,34.7,10:12,"[09:00, 21:00]",10:12,5.0,84.7,24.3,0.0,0.0,0.0,0.0,✅
6,3,5,K11,ORD-CL-202612-000111_5802113  4,"avenida. las condes 599, San Miguel, Santiago, Chile","(-33.5187, -70.7654)",6.01,15.7,10:33,"[09:00, 21:00]",10:33,5.0,2018.8,255.6,0.0,0.0,0.0,0.0,✅
6,4,5,K11,ORD-CL-202612-000087_17107764  6,"avenida. pajaritos 5796, Independencia, Santiago, Chile","(-33.4603, -70.7147)",9.01,23.5,11:01,"[11:00, 13:00]",11:01,5.0,237.6,62.3,0.0,0.0,0.0,0.0,✅
6,5,5,K11,DEPOT_01_BASE,Base Depósito,"(-33.4713, -70.6268)",9.81,25.6,11:32,—,—,—,—,—,—,0.0,0.0,—,🏠
6,6,4,K12,DEPOT_01_BASE,Base Depósito,"(-33.4713, -70.6268)",0.0,0.0,15:00,—,15:00,—,—,—,—,0.0,0.0,—,🚗
6,7,4,K12,ORD-CL-202612-000069_143319312,"avenida. pedro de valdivia 8517, Lo Prado, Santiago, Chile","(-33.4800, -70.6059)",2.81,6.7,15:06,"[09:00, 21:00]",15:06,5.0,400.4,79.2,0.0,0.0,0.0,0.0,✅
6,8,4,K12,ORD-CL-202612-000112_208275613,"avenida. macul 2508, La Reina, Santiago, Chile","(-33.4776, -70.5988)",0.9,2.2,15:13,"[15:00, 17:00]",15:13,5.0,1409.6,246.7,0.0,0.0,0.0,0.0,✅
6,9,4,K12,ORD-CL-202612-000126_22556099  9,"avenida. kennedy 6395, Recoleta, Santiago, Chile","(-33.4093, -70.6048)",7.9,19.3,15:38,"[09:00, 21:00]",15:38,5.0,866.8,120.4,0.0,0.0,0.0,0.0,✅
6,10,4,K12,ORD-CL-202612-000160_108505650,"avenida. providencia 178, Providencia, Santiago, Chile","(-33.4283, -70.6191)",2.82,7.3,15:50,"[15:00, 17:00]",15:50,5.0,245.4,52.4,0.0,0.0,0.0,0.0,✅
6,11,4,K12,ORD-CL-202612-000209_163993586,"avenida. providencia 4275, Las Condes, Santiago, Chile","(-33.4283, -70.6191)",0.0,0.0,15:55,"[15:00, 17:00]",15:55,5.0,276.9,36.7,0.0,0.0,0.0,0.0,✅
6,12,4,K12,ORD-CL-202612-000013_9933788  8,"avenida. manuel montt 401, Vitacura, Santiago, Chile","(-33.4319, -70.6183)",0.47,1.2,16:01,"[09:00, 21:00]",16:01,5.0,262.6,34.5,0.0,0.0,0.0,0.0,✅
6,13,4,K12,DEPOT_01_BASE,Base Depósito,"(-33.4713, -70.6268)",5.37,14.0,16:20,—,—,—,—,—,—,0.0,0.0,—,🏠
7,0,1,K11,DEPOT_01_BASE,Base Depósito,"(-33.4713, -70.6268)",0.0,0.0,09:00,—,09:00,—,—,—,—,0.0,0.0,—,🚗
7,1,1,K11,ORD-CL-202612-000004_183059669,"calle san antonio 8832, Lo Prado, Santiago, Chile","(-33.4270, -70.7253)",13.04,37.3,09:37,"[09:00, 21:00]",09:37,5.0,2514.1,317.4,0.0,0.0,0.0,0.0,✅
7,2,1,K11,ORD-CL-202612-000091_79104971,"avenida. independencia 4637, Providencia, Santiago, Chile","(-33.3855, -70.6773)",8.68,24.7,10:06,"[11:00, 13:00]",11:00,5.0,848.6,167.5,53.1,0.0,0.0,0.0,⏳
7,3,1,K11,DEPOT_01_BASE,Base Depósito,"(-33.4713, -70.6268)",11.74,30.6,11:35,—,—,—,—,—,—,0.0,0.0,—,🏠
7,4,1,K12,DEPOT_01_BASE,Base Depósito,"(-33.4713, -70.6268)",0.0,0.0,15:00,—,15:00,—,—,—,—,0.0,0.0,—,🚗
7,5,1,K12,ORD-CL-202612-000044_145036177,"avenida. tobalaba 5892, Quinta Normal, Santiago, Chile","(-33.4278, -70.7083)",11.14,26.7,15:26,"[09:00, 21:00]",15:26,5.0,855.7,127.7,0.0,0.0,0.0,0.0,✅
7,6,1,K12,ORD-CL-202612-000055_203179717,"avenida. mapocho 6648, Macul, Santiago, Chile","(-33.4238, -70.7263)",1.84,4.7,15:36,"[09:00, 21:00]",15:36,5.0,224.5,56.1,0.0,0.0,0.0,0.0,✅
7,7,1,K12,ORD-CL-202612-000062_7640094    3,"calle san antonio 9379, Lo Prado, Santiago, Chile","(-33.4270, -70.7253)",0.49,1.3,15:42,"[19:00, 21:00]",19:00,5.0,634.5,101.6,197.3,0.0,0.0,0.0,⏳
7,8,1,K12,ORD-CL-202612-000115_198154752,"calle san antonio 6514, La Reina, Santiago, Chile","(-33.4273, -70.7239)",0.13,0.4,19:05,"[19:00, 21:00]",19:05,5.0,371.8,100.9,0.0,0.0,0.0,0.0,✅
7,9,1,K12,DEPOT_01_BASE,Base Depósito,"(-33.4713, -70.6268)",12.92,33.9,19:44,—,—,—,—,—,—,0.0,0.0,—,🏠
8,0,4,K11,DEPOT_01_BASE,Base Depósito,"(-33.4713, -70.6268)",0.0,0.0,09:00,—,09:00,—,—,—,—,0.0,0.0,—,🚗
8,1,4,K11,ORD-CL-202612-000094_84473640,"avenida. irarrazaval 640, Lo Prado, Santiago, Chile","(-33.4529, -70.6238)",2.78,7.9,09:07,"[09:00, 21:00]",09:07,5.0,745.5,121.3,0.0,0.0,0.0,0.0,✅
8,2,4,K11,ORD-CL-202612-000183_148999950,"avenida. vicuna mackenna 578, Macul, Santiago, Chile","(-33.4946, -70.6166)",5.16,14.7,09:27,"[09:00, 11:00]",09:27,5.0,685.5,100.8,0.0,0.0,0.0,0.0,✅
8,3,4,K11,ORD-CL-202612-000021_217856993,"avenida. apoquindo 4280, Independencia, Santiago, Chile","(-33.4145, -70.5861)",11.68,33.4,10:06,"[13:00, 15:00]",13:00,5.0,482.8,56.6,174.0,0.0,0.0,0.0,⏳
8,4,4,K11,ORD-CL-202612-000052_14976779    6,"avenida. irarrazaval 8302, Ñuñoa, Santiago, Chile","(-33.4536, -70.6093)",6.28,16.4,13:21,"[13:00, 15:00]",13:21,5.0,1652.6,231.9,0.0,0.0,0.0,0.0,✅
8,5,4,K11,DEPOT_01_BASE,Base Depósito,"(-33.4713, -70.6268)",3.34,8.6,13:35,—,—,—,—,—,—,0.0,0.0,—,🏠
9,0,3,K11,DEPOT_01_BASE,Base Depósito,"(-33.4713, -70.6268)",0.0,0.0,09:00,—,09:00,—,—,—,—,0.0,0.0,—,🚗
9,1,3,K11,ORD-CL-202612-000144_210301989,"avenida vitacura 713, Quinta Normal, Santiago, Chile","(-33.5774, -70.6537)",14.1,40.3,09:40,"[09:00, 11:00]",09:40,5.0,196.0,24.5,0.0,0.0,0.0,0.0,✅
9,2,3,K11,ORD-CL-202612-000010_62835725,"avenida americo vespucio 2389, Independencia, Santiago, Chile","(-33.5399, -70.6512)",4.97,14.0,09:59,"[09:00, 21:00]",09:59,5.0,894.1,164.7,0.0,0.0,0.0,0.0,✅
9,3,3,K11,ORD-CL-202612-000178_6756635  4,"calle bandera 9187, Vitacura, Santiago, Chile","(-33.5440, -70.6450)",1.18,3.1,10:07,"[09:00, 21:00]",10:07,5.0,363.4,89.2,0.0,0.0,0.0,0.0,✅
9,4,3,K11,ORD-CL-202612-000096_52601895,"calle arturo prat 4852, Independencia, Santiago, Chile","(-33.5461, -70.6607)",1.88,4.9,10:17,"[09:00, 21:00]",10:17,5.0,1136.0,188.5,0.0,0.0,0.0,0.0,✅
9,5,3,K11,ORD-CL-202612-000122_51491954,"avenida. santa rosa 5626, San Miguel, Santiago, Chile","(-33.5183, -70.6367)",4.97,13.0,10:35,"[15:00, 17:00]",15:00,5.0,322.7,73.9,264.7,0.0,0.0,0.0,⏳
9,6,3,K11,DEPOT_01_BASE,Base Depósito,"(-33.4713, -70.6268)",6.04,14.5,15:19,—,—,—,—,—,—,0.0,0.0,—,🏠
10,0,7,K11,DEPOT_01_BASE,Base Depósito,"(-33.4713, -70.6268)",0.0,0.0,09:00,—,09:00,—,—,—,—,0.0,0.0,—,🚗
10,1,7,K11,ORD-CL-202612-000187_5138738  6,"avenida. independencia 4810, Puente Alto, Santiago, Chile","(-33.6024, -70.5818)",15.91,45.4,09:45,"[13:00, 15:00]",13:00,5.0,222.3,37.4,194.6,0.0,0.0,0.0,⏳
10,2,7,K11,ORD-CL-202612-000222_64382296,"calle merced 6576, Puente Alto, Santiago, Chile","(-33.6067, -70.5774)",1.29,3.4,13:08,"[13:00, 15:00]",13:08,5.0,1396.1,158.3,0.0,0.0,0.0,0.0,✅
10,3,7,K11,ORD-CL-202612-000163_215462173,"avenida. pedro de valdivia 8264, Puente Alto, Santiago, Chile","(-33.5821, -70.5901)",3.69,9.6,13:22,"[15:00, 17:00]",15:00,5.0,24.8,9.3,97.0,0.0,0.0,0.0,⏳
10,4,7,K11,ORD-CL-202612-000006_207417262,"calle catedral 9181, Puente Alto, Santiago, Chile","(-33.6042, -70.5551)",5.4,13.0,15:17,"[17:00, 19:00]",17:00,5.0,639.5,113.7,102.0,0.0,0.0,0.0,⏳
10,5,7,K11,DEPOT_01_BASE,Base Depósito,"(-33.4713, -70.6268)",17.35,55.3,18:00,—,—,—,—,—,—,0.0,0.0,—,🏠
11,0,6,K21,DEPOT_01_BASE,Base Depósito,"(-33.4713, -70.6268)",0.0,0.0,11:00,—,11:00,—,—,—,—,0.0,0.0,—,🚗
11,1,6,K21,ORD-CL-202612-000027_7499276  7,"calle compania de jesus 5241, Providencia, Santiago, Chile","(-33.4386, -70.6517)",5.46,14.2,11:14,"[11:00, 13:00]",11:14,5.0,1718.7,278.7,0.0,0.0,0.0,0.0,✅
11,2,6,K21,ORD-CL-202612-000089_172068824,"calle san diego 6019, Macul, Santiago, Chile","(-33.4441, -70.6517)",0.66,1.7,11:20,"[11:00, 13:00]",11:20,5.0,653.9,144.7,0.0,0.0,0.0,0.0,✅
11,3,6,K21,DEPOT_01_BASE,Base Depósito,"(-33.4713, -70.6268)",4.88,12.7,11:38,—,—,—,—,—,—,0.0,0.0,—,🏠
11,4,6,K22,DEPOT_01_BASE,Base Depósito,"(-33.4713, -70.6268)",0.0,0.0,17:00,—,17:00,—,—,—,—,0.0,0.0,—,🚗
11,5,6,K22,ORD-CL-202612-000026_175731263,"calle san antonio 1509, Providencia, Santiago, Chile","(-33.4376, -70.6484)",5.08,16.0,17:16,"[17:00, 19:00]",17:16,5.0,1731.7,205.5,0.0,0.0,0.0,0.0,✅
11,6,6,K22,ORD-CL-202612-000169_15815165  1,"calle santo domingo 9121, Recoleta, Santiago, Chile","(-33.4370, -70.6586)",1.1,3.9,17:24,"[17:00, 19:00]",17:24,5.0,682.2,97.5,0.0,0.0,0.0,0.0,✅
11,7,6,K22,ORD-CL-202612-000170_137256512,"calle san antonio 2929, Santiago, Santiago, Chile","(-33.4376, -70.6484)",1.23,4.5,17:34,"[09:00, 21:00]",17:34,5.0,776.8,140.6,0.0,0.0,0.0,0.0,✅
11,8,6,K22,DEPOT_01_BASE,Base Depósito,"(-33.4713, -70.6268)",4.99,18.7,17:58,—,—,—,—,—,—,0.0,0.0,—,🏠
12,0,0,K21,DEPOT_01_BASE,Base Depósito,"(-33.4713, -70.6268)",0.0,0.0,11:00,—,11:00,—,—,—,—,0.0,0.0,—,🚗
12,1,0,K21,ORD-CL-202612-000032_83953104,"gran avenida jose miguel carrera 1084, La Florida, Santiago, Chile","(-33.5504, -70.6006)",9.65,25.2,11:25,"[09:00, 21:00]",11:25,5.0,2217.2,261.7,0.0,0.0,0.0,0.0,✅
12,2,0,K21,ORD-CL-202612-000133_55387737,"calle teatinos 4659, La Florida, Santiago, Chile","(-33.5342, -70.5835)",3.93,10.3,11:40,"[11:00, 13:00]",11:40,5.0,379.5,55.8,0.0,0.0,0.0,0.0,✅
12,3,0,K21,DEPOT_01_BASE,Base Depósito,"(-33.4713, -70.6268)",9.13,23.8,12:09,—,—,—,—,—,—,0.0,0.0,—,🏠
12,4,4,K22,DEPOT_01_BASE,Base Depósito,"(-33.4713, -70.6268)",0.0,0.0,17:00,—,17:00,—,—,—,—,0.0,0.0,—,🚗
12,5,4,K22,ORD-CL-202612-000148_175474353,"avenida. irarrazaval 2033, Maipú, Santiago, Chile","(-33.4537, -70.6099)",3.4,10.7,17:10,"[17:00, 19:00]",17:10,5.0,75.1,20.7,0.0,0.0,0.0,0.0,✅
12,6,4,K22,ORD-CL-202612-000025_224766177,"calle teatinos 6266, Providencia, Santiago, Chile","(-33.4324, -70.6098)",2.86,9.7,17:25,"[09:00, 21:00]",17:25,5.0,1343.6,132.4,0.0,0.0,0.0,0.0,✅
12,7,4,K22,ORD-CL-202612-000079_112922605,"avenida. irarrazaval 6780, Macul, Santiago, Chile","(-33.4534, -70.5709)",5.14,19.0,17:49,"[09:00, 21:00]",17:49,5.0,201.8,37.8,0.0,0.0,0.0,0.0,✅
12,8,4,K22,ORD-CL-202612-000180_135550036,"avenida. grecia 4946, Santiago, Santiago, Chile","(-33.4676, -70.5801)",2.4,9.0,18:03,"[09:00, 21:00]",18:03,5.0,1259.6,232.8,0.0,0.0,0.0,0.0,✅
12,9,4,K22,DEPOT_01_BASE,Base Depósito,"(-33.4713, -70.6268)",4.98,17.5,18:25,—,—,—,—,—,—,0.0,0.0,—,🏠
13,0,6,K21,DEPOT_01_BASE,Base Depósito,"(-33.4713, -70.6268)",0.0,0.0,11:00,—,11:00,—,—,—,—,0.0,0.0,—,🚗
13,1,6,K21,ORD-CL-202612-000155_22116046  1,"calle monjitas 4798, Independencia, Santiago, Chile","(-33.4359, -70.6420)",4.7,12.3,11:12,"[09:00, 21:00]",11:12,5.0,400.4,60.1,0.0,0.0,0.0,0.0,✅
13,2,6,K21,ORD-CL-202612-000150_10411606  1,"calle santo domingo 6777, Vitacura, Santiago, Chile","(-33.4388, -70.6858)",4.53,11.8,11:29,"[09:00, 21:00]",11:29,5.0,1086.9,173.4,0.0,0.0,0.0,0.0,✅
13,3,6,K21,ORD-CL-202612-000085_15236104    9,"calle teatinos 975, San Miguel, Santiago, Chile","(-33.4324, -70.6557)",3.48,9.1,11:43,"[11:00, 13:00]",11:43,5.0,1445.3,206.3,0.0,0.0,0.0,0.0,✅
13,4,6,K21,ORD-CL-202612-000119_6466103  7,"calle san antonio 7911, Santiago, Santiago, Chile","(-33.4376, -70.6484)",1.19,3.1,11:51,"[11:00, 13:00]",11:51,5.0,728.8,123.9,0.0,0.0,0.0,0.0,✅
13,5,6,K21,DEPOT_01_BASE,Base Depósito,"(-33.4713, -70.6268)",4.99,13.0,12:09,—,—,—,—,—,—,0.0,0.0,—,🏠
13,6,5,K22,DEPOT_01_BASE,Base Depósito,"(-33.4713, -70.6268)",0.0,0.0,17:00,—,17:00,—,—,—,—,0.0,0.0,—,🚗
13,7,5,K22,ORD-CL-202612-000208_107728946,"avenida. pajaritos 1016, San Miguel, Santiago, Chile","(-33.5178, -70.7575)",15.12,47.8,17:47,"[09:00, 21:00]",17:47,5.0,4894.5,609.0,0.0,0.0,0.0,0.0,✅
13,8,5,K22,DEPOT_01_BASE,Base Depósito,"(-33.4713, -70.6268)",15.41,57.8,18:50,—,—,—,—,—,—,0.0,0.0,—,🏠
14,0,4,K21,DEPOT_01_BASE,Base Depósito,"(-33.4713, -70.6268)",0.0,0.0,11:00,—,11:00,—,—,—,—,0.0,0.0,—,🚗
14,1,4,K21,ORD-CL-202612-000049_111101253,"avenida. grecia 7712, Recoleta, Santiago, Chile","(-33.4742, -70.5504)",7.8,20.3,11:20,"[13:00, 15:00]",13:00,5.0,3858.7,488.3,99.7,0.0,0.0,0.0,⏳
14,2,4,K21,DEPOT_01_BASE,Base Depósito,"(-33.4713, -70.6268)",7.74,20.2,13:25,—,—,—,—,—,—,0.0,0.0,—,🏠
14,3,6,K22,DEPOT_01_BASE,Base Depósito,"(-33.4713, -70.6268)",0.0,0.0,17:00,—,17:00,—,—,—,—,0.0,0.0,—,🚗
14,4,6,K22,ORD-CL-202612-000103_22242242  0,"calle teatinos 7628, Macul, Santiago, Chile","(-33.4447, -70.6542)",5.12,16.2,17:16,"[09:00, 21:00]",17:16,5.0,208.2,28.5,0.0,0.0,0.0,0.0,✅
14,5,6,K22,ORD-CL-202612-000061_180518007,"avenida. manuel montt 5734, Independencia, Santiago, Chile","(-33.4255, -70.6662)",3.12,11.0,17:32,"[09:00, 21:00]",17:32,5.0,25.7,10.6,0.0,0.0,0.0,0.0,✅
14,6,6,K22,ORD-CL-202612-000095_140053537,"calle morande 3761, Quinta Normal, Santiago, Chile","(-33.4346, -70.6826)",2.57,9.6,17:46,"[09:00, 21:00]",17:46,5.0,76.0,23.9,0.0,0.0,0.0,0.0,✅
14,7,6,K22,ORD-CL-202612-000118_65054485,"avenida la florida 3026, Santiago, Santiago, Chile","(-33.4000, -70.6268)",8.15,30.6,18:22,"[19:00, 21:00]",19:00,5.0,1214.1,215.7,37.7,0.0,0.0,0.0,⏳
14,8,6,K22,ORD-CL-202612-000107_158151651,"calle santo domingo 9121, Recoleta, Santiago, Chile","(-33.4370, -70.6586)",5.7,15.7,19:20,"[19:00, 21:00]",19:20,5.0,2219.2,319.8,0.0,0.0,0.0,0.0,✅
14,9,6,K22,DEPOT_01_BASE,Base Depósito,"(-33.4713, -70.6268)",6.06,14.0,19:39,—,—,—,—,—,—,0.0,0.0,—,🏠
15,0,5,K21,DEPOT_01_BASE,Base Depósito,"(-33.4713, -70.6268)",0.0,0.0,11:00,—,11:00,—,—,—,—,0.0,0.0,—,🚗
15,1,5,K21,ORD-CL-202612-000011_18195149  6,"avenida. pajaritos 5435, Ñuñoa, Santiago, Chile","(-33.4732, -70.7379)",11.7,30.5,11:30,"[13:00, 15:00]",13:00,5.0,4252.7,550.2,89.5,0.0,0.0,0.0,⏳
15,2,5,K21,DEPOT_01_BASE,Base Depósito,"(-33.4713, -70.6268)",11.71,30.5,13:35,—,—,—,—,—,—,0.0,0.0,—,🏠
15,3,0,K22,DEPOT_01_BASE,Base Depósito,"(-33.4713, -70.6268)",0.0,0.0,17:00,—,17:00,—,—,—,—,0.0,0.0,—,🚗
15,4,0,K22,ORD-CL-202612-000031_14317726  4,"avenida. la florida 1002, Peñalolén, Santiago, Chile","(-33.5101, -70.5885)",6.38,20.2,17:20,"[19:00, 21:00]",19:00,5.0,2786.0,391.8,99.8,0.0,0.0,0.0,⏳
15,5,0,K22,ORD-CL-202612-000135_153012165,"avenida. vicuna mackenna 8405, Peñalolén, Santiago, Chile","(-33.5345, -70.5939)",3.12,8.6,19:13,"[19:00, 21:00]",19:13,5.0,644.2,128.1,0.0,0.0,0.0,0.0,✅
15,6,0,K22,ORD-CL-202612-000024_53351852,"avenida. apoquindo 5706, La Florida, Santiago, Chile","(-33.5531, -70.6104)",3.52,8.6,19:27,"[19:00, 21:00]",19:27,5.0,168.8,34.9,0.0,0.0,0.0,0.0,✅
15,7,0,K22,DEPOT_01_BASE,Base Depósito,"(-33.4713, -70.6268)",9.84,22.7,19:54,—,—,—,—,—,—,0.0,0.0,—,🏠
