п»їVehiculo_Fisico,Secuencia,Cluster_Visitado,Clase_K,Nodo,Direccion,Coordenadas,Distancia_Recorrida_km,Tiempo_Viaje_min,Hora_Llegada,Ventana,Cierre_Relajado,Inicio_Servicio,Tiempo_Servicio_min,Vol_L,Peso_kg,Tiempo_Espera_min,Violacion_Vol,Violacion_Peso,Violacion_Ventana_min,Estado
1,0,3,K22,DEPOT_01_BASE,Base DepГіsito,"(-33.4713, -70.6268)",0.0,0.0,18:15,вЂ”,вЂ”,18:15,вЂ”,вЂ”,вЂ”,вЂ”,0.0,0.0,вЂ”,рџљ—
1,1,3,K22,ORD-CL-202612-000520_14417563  0,"gran avenida jose miguel carrera 2906, MaipГє, Santiago, Chile","(-33.5836, -70.6974)",15.55,46.6,19:02,"[19:00, 21:00]",21:15,19:02,5.0,2500.5,318.6,0.0,0.0,0.0,0.0,вњ…
1,2,3,K22,ORD-CL-202612-000497_22556099  9,"avenida. kennedy 6395, Recoleta, Santiago, Chile","(-33.4093, -70.6048)",23.11,57.2,20:04,"[19:00, 21:00]",21:15,20:04,5.0,63.2,12.5,0.0,0.0,0.0,0.0,вњ…
1,3,3,K22,ORD-CL-202612-000579_222755150,"avenida. grecia 6734, La Reina, Santiago, Chile","(-33.4715, -70.5636)",9.03,18.5,20:27,"[19:00, 21:00]",21:15,20:27,5.0,250.1,35.3,0.0,0.0,0.0,0.0,вњ…
1,4,3,K22,ORD-CL-202612-000685_154609167,"calle bandera 7800, Puente Alto, Santiago, Chile","(-33.6234, -70.6079)",20.11,40.2,21:13,"[19:00, 21:00]",21:15,21:13,5.0,916.2,115.5,0.0,0.0,0.0,0.0,вњ…
1,5,3,K22,DEPOT_01_BASE,Base DepГіsito,"(-33.4713, -70.6268)",18.34,36.7,21:54,вЂ”,вЂ”,вЂ”,вЂ”,вЂ”,вЂ”,вЂ”,0.0,0.0,вЂ”,рџЏ 
2,0,1,K21,DEPOT_01_BASE,Base DepГіsito,"(-33.4713, -70.6268)",0.0,0.0,11:00,вЂ”,вЂ”,11:00,вЂ”,вЂ”,вЂ”,вЂ”,0.0,0.0,вЂ”,рџљ—
2,1,1,K21,ORD-CL-202612-000275_17751590  7,"avenida. providencia 9673, San Miguel, Santiago, Chile","(-33.4830, -70.7438)",12.44,29.9,11:29,"[11:00, 13:00]",13:15,11:29,5.0,768.0,135.1,0.0,0.0,0.0,0.0,вњ…
2,2,1,K21,ORD-CL-202612-000762_20759906  8,"avenida. tobalaba 402, Lo Prado, Santiago, Chile","(-33.4972, -70.8145)",9.07,21.8,11:56,"[11:00, 13:00]",13:15,11:56,5.0,963.0,157.6,0.0,0.0,0.0,0.0,вњ…
2,3,1,K21,ORD-CL-202612-000437_205893397,"calle santo domingo 9749, MaipГє, Santiago, Chile","(-33.4879, -70.7441)",9.16,22.0,12:23,"[09:00, 21:00]",21:15,12:23,5.0,489.7,96.5,0.0,0.0,0.0,0.0,вњ…
2,4,1,K21,ORD-CL-202612-000505_87410366,"calle monjitas 7214, Quinta Normal, Santiago, Chile","(-33.4278, -70.7083)",9.08,21.8,12:50,"[09:00, 21:00]",21:15,12:50,5.0,584.0,97.1,0.0,0.0,0.0,0.0,вњ…
2,5,1,K21,ORD-CL-202612-000576_19823676  7,"avenida. mapocho 8108, Г‘uГ±oa, Santiago, Chile","(-33.4224, -70.7522)",4.36,10.5,13:05,"[09:00, 21:00]",21:15,13:05,5.0,102.8,24.7,0.0,0.0,0.0,0.0,вњ…
2,6,1,K21,ORD-CL-202612-000591_84405115,"avenida. pajaritos 5711, Quinta Normal, Santiago, Chile","(-33.4586, -70.7132)",6.75,16.2,13:27,"[09:00, 21:00]",21:15,13:27,5.0,253.4,59.4,0.0,0.0,0.0,0.0,вњ…
2,7,1,K21,ORD-CL-202612-000276_146402984,"avenida. santa rosa 4230, La Reina, Santiago, Chile","(-33.4957, -70.6394)",9.85,23.3,13:55,"[09:00, 21:00]",21:15,13:55,5.0,423.3,157.5,0.0,0.0,0.0,0.0,вњ…
2,8,1,K21,DEPOT_01_BASE,Base DepГіsito,"(-33.4713, -70.6268)",3.52,8.1,14:08,вЂ”,вЂ”,вЂ”,вЂ”,вЂ”,вЂ”,вЂ”,0.0,0.0,вЂ”,рџЏ 
2,9,3,K22,DEPOT_01_BASE,Base DepГіsito,"(-33.4713, -70.6268)",0.0,0.0,18:22,вЂ”,вЂ”,18:22,вЂ”,вЂ”,вЂ”,вЂ”,0.0,0.0,вЂ”,рџљ—
2,10,3,K22,ORD-CL-202612-000333_223592734,"avenida. manuel montt 8349, PeГ±alolГ©n, Santiago, Chile","(-33.5615, -70.5633)",13.07,37.3,18:59,"[19:00, 21:00]",21:15,18:59,5.0,507.9,80.0,0.0,0.0,0.0,0.0,вњ…
2,11,3,K22,ORD-CL-202612-000413_88785234,"avenida manuel montt 5813, PeГ±alolГ©n, Santiago, Chile","(-33.5616, -70.5632)",0.0,0.0,19:04,"[17:00, 19:00]",19:15,19:04,5.0,2345.9,263.9,0.0,0.0,0.0,0.0,вњ…
2,12,3,K22,ORD-CL-202612-000606_201356517,"avenida. kennedy 9586, Independencia, Santiago, Chile","(-33.3864, -70.5409)",22.62,54.8,20:04,"[19:00, 21:00]",21:15,20:04,5.0,821.0,126.3,0.0,0.0,0.0,0.0,вњ…
2,13,3,K22,DEPOT_01_BASE,Base DepГіsito,"(-33.4713, -70.6268)",14.8,30.3,20:39,вЂ”,вЂ”,вЂ”,вЂ”,вЂ”,вЂ”,вЂ”,0.0,0.0,вЂ”,рџЏ 
3,0,3,K12,DEPOT_01_BASE,Base DepГіsito,"(-33.4713, -70.6268)",0.0,0.0,15:00,вЂ”,вЂ”,15:00,вЂ”,вЂ”,вЂ”,вЂ”,0.0,0.0,вЂ”,рџљ—
3,1,3,K12,ORD-CL-202612-000464_179182055,"avenida. manuel montt 2121, PeГ±alolГ©n, Santiago, Chile","(-33.5616, -70.5632)",13.07,30.2,15:30,"[15:00, 17:00]",17:15,15:30,5.0,1677.7,310.8,0.0,0.0,0.0,0.0,вњ…
3,2,3,K12,ORD-CL-202612-000436_19414022  1,"calle santo domingo 8278, Santiago, Santiago, Chile","(-33.4660, -70.7485)",23.06,54.8,16:29,"[15:00, 17:00]",17:15,16:29,5.0,344.7,75.0,0.0,0.0,0.0,0.0,вњ…
3,3,3,K12,ORD-CL-202612-000595_130113644,"avenida. americo vespucio 1280, Puente Alto, Santiago, Chile","(-33.5338, -70.6779)",11.81,33.2,17:08,"[15:00, 17:00]",17:15,17:08,5.0,757.3,120.3,0.0,0.0,0.0,0.0,вњ…
3,4,3,K12,DEPOT_01_BASE,Base DepГіsito,"(-33.4713, -70.6268)",10.78,32.5,17:45,вЂ”,вЂ”,вЂ”,вЂ”,вЂ”,вЂ”,вЂ”,0.0,0.0,вЂ”,рџЏ 
4,0,2,K11,DEPOT_01_BASE,Base DepГіsito,"(-33.4713, -70.6268)",0.0,0.0,09:00,вЂ”,вЂ”,09:00,вЂ”,вЂ”,вЂ”,вЂ”,0.0,0.0,вЂ”,рџљ—
4,1,2,K11,ORD-CL-202612-000452_16508612  7,"avenida. vitacura 8184, Recoleta, Santiago, Chile","(-33.4034, -70.5957)",9.46,24.7,09:24,"[09:00, 11:00]",11:15,09:24,5.0,673.0,107.6,0.0,0.0,0.0,0.0,вњ…
4,2,2,K11,ORD-CL-202612-000330_224454459,"avenida. kennedy 7707, Providencia, Santiago, Chile","(-33.4094, -70.6060)",6.4,16.7,09:46,"[09:00, 21:00]",21:15,09:46,5.0,1734.5,221.4,0.0,0.0,0.0,0.0,вњ…
4,3,2,K11,ORD-CL-202612-000417_122476783,"avenida apoquindo 3809, MaipГє, Santiago, Chile","(-33.4157, -70.5906)",6.54,16.6,10:07,"[09:00, 11:00]",11:15,10:07,5.0,436.0,59.6,0.0,0.0,0.0,0.0,вњ…
4,4,2,K11,ORD-CL-202612-000368_141553655,"avenida. recoleta 5538, Las Condes, Santiago, Chile","(-33.3751, -70.6373)",9.39,22.5,10:35,"[11:00, 13:00]",13:15,10:45,5.0,116.6,29.0,9.5,0.0,0.0,0.0,вЏі
4,5,2,K11,DEPOT_01_BASE,Base DepГіsito,"(-33.4713, -70.6268)",11.5,27.6,11:17,вЂ”,вЂ”,вЂ”,вЂ”,вЂ”,вЂ”,вЂ”,0.0,0.0,вЂ”,рџЏ 
4,6,3,K12,DEPOT_01_BASE,Base DepГіsito,"(-33.4713, -70.6268)",0.0,0.0,16:30,вЂ”,вЂ”,16:30,вЂ”,вЂ”,вЂ”,вЂ”,0.0,0.0,вЂ”,рџљ—
4,7,3,K12,ORD-CL-202612-000569_119692992,"avenida. vitacura 4042, PeГ±alolГ©n, Santiago, Chile","(-33.3863, -70.5640)",12.99,35.5,17:05,"[17:00, 19:00]",19:15,17:05,5.0,1821.3,287.8,0.0,0.0,0.0,0.0,вњ…
4,8,3,K12,ORD-CL-202612-000320_15636947  1,"avenida. la florida 5799, EstaciГіn Central, Santiago, Chile","(-33.4594, -70.6985)",15.83,47.0,17:57,"[17:00, 19:00]",19:15,17:57,5.0,1521.3,216.1,0.0,0.0,0.0,0.0,вњ…
4,9,3,K12,ORD-CL-202612-000441_160463122,"calle merced 6001, Independencia, Santiago, Chile","(-33.4369, -70.6392)",6.97,22.7,18:25,"[17:00, 19:00]",19:15,18:25,5.0,265.5,43.3,0.0,0.0,0.0,0.0,вњ…
4,10,3,K12,DEPOT_01_BASE,Base DepГіsito,"(-33.4713, -70.6268)",4.32,11.8,18:42,вЂ”,вЂ”,вЂ”,вЂ”,вЂ”,вЂ”,вЂ”,0.0,0.0,вЂ”,рџЏ 
5,0,5,K11,DEPOT_01_BASE,Base DepГіsito,"(-33.4713, -70.6268)",0.0,0.0,09:00,вЂ”,вЂ”,09:00,вЂ”,вЂ”,вЂ”,вЂ”,0.0,0.0,вЂ”,рџљ—
5,1,5,K11,ORD-CL-202612-000737_55489149,"avenida. pedro de valdivia 9132, La Florida, Santiago, Chile","(-33.4927, -70.6065)",3.77,9.8,09:09,"[09:00, 11:00]",11:15,09:09,5.0,211.1,63.0,0.0,0.0,0.0,0.0,вњ…
5,2,5,K11,ORD-CL-202612-000550_53911165,"avenida. tobalaba 8701, PeГ±alolГ©n, Santiago, Chile","(-33.4607, -70.5531)",7.69,20.1,09:34,"[09:00, 11:00]",11:15,09:34,5.0,1041.3,165.9,0.0,0.0,0.0,0.0,вњ…
5,3,5,K11,ORD-CL-202612-000512_176574590,"avenida. macul 5525, La Florida, Santiago, Chile","(-33.5026, -70.5939)",7.89,20.6,10:00,"[09:00, 21:00]",21:15,10:00,5.0,543.3,116.7,0.0,0.0,0.0,0.0,вњ…
5,4,5,K11,ORD-CL-202612-000354_219892137,"calle bandera 7093, Quinta Normal, Santiago, Chile","(-33.4613, -70.5554)",7.19,17.5,10:22,"[09:00, 11:00]",11:15,10:22,5.0,541.8,52.1,0.0,0.0,0.0,0.0,вњ…
5,5,5,K11,ORD-CL-202612-000585_192374671,"avenida. kennedy 7565, PeГ±alolГ©n, Santiago, Chile","(-33.5036, -70.5874)",7.23,17.4,10:45,"[11:00, 13:00]",13:15,10:45,5.0,1283.9,170.2,0.0,0.0,0.0,0.0,вњ…
5,6,5,K11,DEPOT_01_BASE,Base DepГіsito,"(-33.4713, -70.6268)",6.64,15.9,11:06,вЂ”,вЂ”,вЂ”,вЂ”,вЂ”,вЂ”,вЂ”,0.0,0.0,вЂ”,рџЏ 
5,7,3,K12,DEPOT_01_BASE,Base DepГіsito,"(-33.4713, -70.6268)",0.0,0.0,16:48,вЂ”,вЂ”,16:48,вЂ”,вЂ”,вЂ”,вЂ”,0.0,0.0,вЂ”,рџљ—
5,8,3,K12,ORD-CL-202612-000601_10838437  5,"calle teatinos 2173, MaipГє, Santiago, Chile","(-33.4447, -70.6542)",5.12,14.6,17:02,"[17:00, 19:00]",19:15,17:02,5.0,755.9,129.4,0.0,0.0,0.0,0.0,вњ…
5,9,3,K12,ORD-CL-202612-000515_22361716  4,"avenida. pajaritos 1316, Independencia, Santiago, Chile","(-33.5152, -70.7575)",13.83,40.5,17:48,"[17:00, 19:00]",19:15,17:48,5.0,2861.7,344.5,0.0,0.0,0.0,0.0,вњ…
5,10,3,K12,DEPOT_01_BASE,Base DepГіsito,"(-33.4713, -70.6268)",15.16,50.5,18:43,вЂ”,вЂ”,вЂ”,вЂ”,вЂ”,вЂ”,вЂ”,0.0,0.0,вЂ”,рџЏ 
6,0,1,K11,DEPOT_01_BASE,Base DepГіsito,"(-33.4713, -70.6268)",0.0,0.0,09:00,вЂ”,вЂ”,09:00,вЂ”,вЂ”,вЂ”,вЂ”,0.0,0.0,вЂ”,рџљ—
6,1,1,K11,ORD-CL-202612-000586_123481992,"calle san diego 2825, Quinta Normal, Santiago, Chile","(-33.4278, -70.7083)",11.14,29.1,09:29,"[09:00, 21:00]",21:15,09:29,5.0,1682.0,196.7,0.0,0.0,0.0,0.0,вњ…
6,2,1,K11,ORD-CL-202612-000269_8431260  9,"calle compania de jesus 871, Santiago, Santiago, Chile","(-33.3489, -70.7444)",11.64,30.4,10:04,"[09:00, 11:00]",11:15,10:04,5.0,150.3,52.7,0.0,0.0,0.0,0.0,вњ…
6,3,1,K11,ORD-CL-202612-000524_20080354  5,"avenida. matta 2150, La Florida, Santiago, Chile","(-33.3653, -70.7022)",5.03,12.1,10:21,"[09:00, 21:00]",21:15,10:21,5.0,1668.1,259.3,0.0,0.0,0.0,0.0,вњ…
6,4,1,K11,DEPOT_01_BASE,Base DepГіsito,"(-33.4713, -70.6268)",15.15,36.4,11:02,вЂ”,вЂ”,вЂ”,вЂ”,вЂ”,вЂ”,вЂ”,0.0,0.0,вЂ”,рџЏ 
6,5,1,K12,DEPOT_01_BASE,Base DepГіsito,"(-33.4713, -70.6268)",0.0,0.0,15:00,вЂ”,вЂ”,15:00,вЂ”,вЂ”,вЂ”,вЂ”,0.0,0.0,вЂ”,рџљ—
6,6,1,K12,ORD-CL-202612-000613_11868601  4,"calle huerfanos 3156, Macul, Santiago, Chile","(-33.4424, -70.6774)",7.56,17.4,15:17,"[09:00, 21:00]",21:15,15:17,5.0,857.5,117.5,0.0,0.0,0.0,0.0,вњ…
6,7,1,K12,ORD-CL-202612-000266_22867654    5,"calle morande 2676, MaipГє, Santiago, Chile","(-33.5352, -70.7956)",17.44,40.8,16:03,"[09:00, 21:00]",21:15,16:03,5.0,2088.0,301.2,0.0,0.0,0.0,0.0,вњ…
6,8,1,K12,DEPOT_01_BASE,Base DepГіsito,"(-33.4713, -70.6268)",19.47,46.8,16:54,вЂ”,вЂ”,вЂ”,вЂ”,вЂ”,вЂ”,вЂ”,0.0,0.0,вЂ”,рџЏ 
7,0,0,K11,DEPOT_01_BASE,Base DepГіsito,"(-33.4713, -70.6268)",0.0,0.0,09:00,вЂ”,вЂ”,09:00,вЂ”,вЂ”,вЂ”,вЂ”,0.0,0.0,вЂ”,рџљ—
7,1,0,K11,ORD-CL-202612-000767_187722912,"calle san antonio 7092, La Florida, Santiago, Chile","(-33.5219, -70.6018)",6.35,16.6,09:16,"[09:00, 21:00]",21:15,09:16,5.0,448.6,68.9,0.0,0.0,0.0,0.0,вњ…
7,2,0,K11,ORD-CL-202612-000453_67363035,"avenida. manuel montt 7039, Santiago, Santiago, Chile","(-33.5615, -70.5633)",7.14,18.6,09:40,"[09:00, 21:00]",21:15,09:40,5.0,94.8,15.3,0.0,0.0,0.0,0.0,вњ…
7,3,0,K11,ORD-CL-202612-000343_144553744,"avenida. apoquindo 5742, Puente Alto, Santiago, Chile","(-33.5789, -70.5578)",2.17,5.6,09:50,"[09:00, 21:00]",21:15,09:50,5.0,907.0,99.0,0.0,0.0,0.0,0.0,вњ…
7,4,0,K11,ORD-CL-202612-000527_64382296,"calle merced 6576, Puente Alto, Santiago, Chile","(-33.6067, -70.5774)",4.96,12.4,10:08,"[09:00, 21:00]",21:15,10:08,5.0,547.0,72.4,0.0,0.0,0.0,0.0,вњ…
7,5,0,K11,ORD-CL-202612-000523_64382296,"calle merced 6576, Puente Alto, Santiago, Chile","(-33.6067, -70.5774)",0.0,0.0,10:13,"[09:00, 11:00]",11:15,10:13,5.0,555.9,77.3,0.0,0.0,0.0,0.0,вњ…
7,6,0,K11,DEPOT_01_BASE,Base DepГіsito,"(-33.4713, -70.6268)",16.45,39.5,10:57,вЂ”,вЂ”,вЂ”,вЂ”,вЂ”,вЂ”,вЂ”,0.0,0.0,вЂ”,рџЏ 
7,7,3,K12,DEPOT_01_BASE,Base DepГіsito,"(-33.4713, -70.6268)",0.0,0.0,15:00,вЂ”,вЂ”,15:00,вЂ”,вЂ”,вЂ”,вЂ”,0.0,0.0,вЂ”,рџљ—
7,8,3,K12,ORD-CL-202612-000624_14819473  1,"avenida. grecia 6127, Puente Alto, Santiago, Chile","(-33.4704, -70.5713)",5.71,13.2,15:13,"[15:00, 17:00]",17:15,15:13,5.0,2097.7,348.7,0.0,0.0,0.0,0.0,вњ…
7,9,3,K12,ORD-CL-202612-000565_106763049,"calle teatinos 9422, Las Condes, Santiago, Chile","(-33.4144, -70.5570)",7.7,17.9,15:36,"[15:00, 17:00]",17:15,15:36,5.0,655.8,128.4,0.0,0.0,0.0,0.0,вњ…
7,10,3,K12,ORD-CL-202612-000537_16936113    2,"avenida. las condes 6073, EstaciГіn Central, Santiago, Chile","(-33.4594, -70.6985)",14.96,35.8,16:16,"[15:00, 17:00]",17:15,16:16,5.0,900.6,145.2,0.0,0.0,0.0,0.0,вњ…
7,11,3,K12,DEPOT_01_BASE,Base DepГіsito,"(-33.4713, -70.6268)",8.1,21.2,16:43,вЂ”,вЂ”,вЂ”,вЂ”,вЂ”,вЂ”,вЂ”,0.0,0.0,вЂ”,рџЏ 
8,0,1,K22,DEPOT_01_BASE,Base DepГіsito,"(-33.4713, -70.6268)",0.0,0.0,17:00,вЂ”,вЂ”,17:00,вЂ”,вЂ”,вЂ”,вЂ”,0.0,0.0,вЂ”,рџљ—
8,1,1,K22,ORD-CL-202612-000448_162631782,"calle amunategui 7235, Quinta Normal, Santiago, Chile","(-33.4163, -70.6676)",8.39,24.0,17:23,"[09:00, 21:00]",21:15,17:23,5.0,1866.1,235.6,0.0,0.0,0.0,0.0,вњ…
8,2,1,K22,ORD-CL-202612-000551_14150753  1,"calle amunategui 144, Santiago, Santiago, Chile","(-33.4421, -70.6561)",4.01,13.1,17:42,"[09:00, 21:00]",21:15,17:42,5.0,41.4,18.5,0.0,0.0,0.0,0.0,вњ…
8,3,1,K22,ORD-CL-202612-000616_14693203  4,"calle huerfanos 996, La Florida, Santiago, Chile","(-33.4396, -70.6502)",0.94,3.1,17:50,"[09:00, 21:00]",21:15,17:50,5.0,891.5,116.0,0.0,0.0,0.0,0.0,вњ…
8,4,1,K22,ORD-CL-202612-000403_147636883,"gran avenida jose miguel carrera 5636, La Reina, Santiago, Chile","(-33.5057, -70.6554)",7.81,26.0,18:21,"[09:00, 21:00]",21:15,18:21,5.0,816.8,135.2,0.0,0.0,0.0,0.0,вњ…
8,5,1,K22,DEPOT_01_BASE,Base DepГіsito,"(-33.4713, -70.6268)",5.89,16.4,18:42,вЂ”,вЂ”,вЂ”,вЂ”,вЂ”,вЂ”,вЂ”,0.0,0.0,вЂ”,рџЏ 
9,0,4,K11,DEPOT_01_BASE,Base DepГіsito,"(-33.4713, -70.6268)",0.0,0.0,09:00,вЂ”,вЂ”,09:00,вЂ”,вЂ”,вЂ”,вЂ”,0.0,0.0,вЂ”,рџљ—
9,1,4,K11,ORD-CL-202612-000609_186687792,"calle san antonio 544, Las Condes, Santiago, Chile","(-33.3746, -70.5094)",18.16,47.4,09:47,"[09:00, 11:00]",11:15,09:47,5.0,1249.1,178.7,0.0,0.0,0.0,0.0,вњ…
9,2,4,K11,ORD-CL-202612-000498_165138806,"avenida. las condes 6382, Vitacura, Santiago, Chile","(-33.3820, -70.5322)",3.14,7.9,10:00,"[09:00, 21:00]",21:15,10:00,5.0,1814.2,251.5,0.0,0.0,0.0,0.0,вњ…
9,3,4,K11,DEPOT_01_BASE,Base DepГіsito,"(-33.4713, -70.6268)",15.24,37.1,10:42,вЂ”,вЂ”,вЂ”,вЂ”,вЂ”,вЂ”,вЂ”,0.0,0.0,вЂ”,рџЏ 
9,4,1,K12,DEPOT_01_BASE,Base DepГіsito,"(-33.4713, -70.6268)",0.0,0.0,15:00,вЂ”,вЂ”,15:00,вЂ”,вЂ”,вЂ”,вЂ”,0.0,0.0,вЂ”,рџљ—
9,5,1,K12,ORD-CL-202612-000619_58021134,"avenida. las condes 599, San Miguel, Santiago, Chile","(-33.5187, -70.7654)",15.88,36.6,15:36,"[09:00, 21:00]",21:15,15:36,5.0,3910.7,491.4,0.0,0.0,0.0,0.0,вњ…
9,6,1,K12,DEPOT_01_BASE,Base DepГіsito,"(-33.4713, -70.6268)",15.97,38.3,16:19,вЂ”,вЂ”,вЂ”,вЂ”,вЂ”,вЂ”,вЂ”,0.0,0.0,вЂ”,рџЏ 
10,0,0,K21,DEPOT_01_BASE,Base DepГіsito,"(-33.4713, -70.6268)",0.0,0.0,12:35,вЂ”,вЂ”,12:35,вЂ”,вЂ”,вЂ”,вЂ”,0.0,0.0,вЂ”,рџљ—
10,1,0,K21,ORD-CL-202612-000508_68206480,"calle compania de jesus 9929, La Florida, Santiago, Chile","(-33.5510, -70.5907)",10.05,24.1,13:00,"[13:00, 15:00]",15:15,13:00,5.0,56.0,17.9,0.0,0.0,0.0,0.0,вњ…
10,2,0,K21,ORD-CL-202612-000503_12122288  8,"avenida. las condes 2361, La Florida, Santiago, Chile","(-33.5445, -70.5758)",2.14,5.1,13:10,"[11:00, 13:00]",13:15,13:10,5.0,60.7,17.9,0.0,0.0,0.0,0.0,вњ…
10,3,0,K21,ORD-CL-202612-000271_204996919,"avenida. manuel montt 4307, San Miguel, Santiago, Chile","(-33.5616, -70.5632)",2.87,6.9,13:22,"[09:00, 21:00]",21:15,13:22,5.0,2221.7,363.8,0.0,0.0,0.0,0.0,вњ…
10,4,0,K21,ORD-CL-202612-000548_172216455,"avenida. la florida 563, Puente Alto, Santiago, Chile","(-33.5611, -70.5583)",0.52,1.2,13:28,"[09:00, 21:00]",21:15,13:28,5.0,11.4,4.6,0.0,0.0,0.0,0.0,вњ…
10,5,0,K21,ORD-CL-202612-000461_109678390,"avenida. la florida 9336, Lo Prado, Santiago, Chile","(-33.5378, -70.5722)",3.33,7.9,13:41,"[13:00, 15:00]",15:15,13:41,5.0,1390.1,174.7,0.0,0.0,0.0,0.0,вњ…
10,6,0,K21,DEPOT_01_BASE,Base DepГіsito,"(-33.4713, -70.6268)",9.94,23.1,14:09,вЂ”,вЂ”,вЂ”,вЂ”,вЂ”,вЂ”,вЂ”,0.0,0.0,вЂ”,рџЏ 
10,7,4,K22,DEPOT_01_BASE,Base DepГіsito,"(-33.4713, -70.6268)",0.0,0.0,17:00,вЂ”,вЂ”,17:00,вЂ”,вЂ”,вЂ”,вЂ”,0.0,0.0,вЂ”,рџљ—
10,8,4,K22,ORD-CL-202612-000460_81566803,"avenida. las condes 6476, PeГ±alolГ©n, Santiago, Chile","(-33.4075, -70.5627)",11.47,32.8,17:32,"[09:00, 21:00]",21:15,17:32,5.0,1278.2,238.0,0.0,0.0,0.0,0.0,вњ…
10,9,4,K22,ORD-CL-202612-000501_14429807  9,"avenida. apoquindo 6788, Independencia, Santiago, Chile","(-33.4074, -70.5602)",0.41,1.4,17:39,"[09:00, 21:00]",21:15,17:39,5.0,1235.7,200.7,0.0,0.0,0.0,0.0,вњ…
10,10,4,K22,ORD-CL-202612-000628_73835094,"avenida. matta 4411, Las Condes, Santiago, Chile","(-33.4144, -70.5570)",1.19,4.0,17:48,"[09:00, 21:00]",21:15,17:48,5.0,1079.8,123.4,0.0,0.0,0.0,0.0,вњ…
10,11,4,K22,DEPOT_01_BASE,Base DepГіsito,"(-33.4713, -70.6268)",10.83,36.1,18:29,вЂ”,вЂ”,вЂ”,вЂ”,вЂ”,вЂ”,вЂ”,0.0,0.0,вЂ”,рџЏ 
11,0,1,K21,DEPOT_01_BASE,Base DepГіsito,"(-33.4713, -70.6268)",0.0,0.0,12:23,вЂ”,вЂ”,12:23,вЂ”,вЂ”,вЂ”,вЂ”,0.0,0.0,вЂ”,рџљ—
11,1,1,K21,ORD-CL-202612-000401_8687840  7,"avenida. vicuna mackenna 2587, EstaciГіn Central, Santiago, Chile","(-33.4046, -70.7448)",15.14,36.3,13:00,"[13:00, 15:00]",15:15,13:00,5.0,874.9,166.6,0.0,0.0,0.0,0.0,вњ…
11,2,1,K21,ORD-CL-202612-000514_144286823,"avenida. vicuna mackenna 3183, EstaciГіn Central, Santiago, Chile","(-33.4046, -70.7448)",0.0,0.0,13:05,"[09:00, 21:00]",21:15,13:05,5.0,1662.5,229.1,0.0,0.0,0.0,0.0,вњ…
11,3,1,K21,ORD-CL-202612-000580_187038492,"calle san antonio 5691, Quinta Normal, Santiago, Chile","(-33.4270, -70.7253)",4.01,9.6,13:19,"[09:00, 21:00]",21:15,13:19,5.0,509.0,122.4,0.0,0.0,0.0,0.0,вњ…
11,4,1,K21,DEPOT_01_BASE,Base DepГіsito,"(-33.4713, -70.6268)",13.04,31.2,13:55,вЂ”,вЂ”,вЂ”,вЂ”,вЂ”,вЂ”,вЂ”,0.0,0.0,вЂ”,рџЏ 
11,5,3,K22,DEPOT_01_BASE,Base DepГіsito,"(-33.4713, -70.6268)",0.0,0.0,18:43,вЂ”,вЂ”,18:43,вЂ”,вЂ”,вЂ”,вЂ”,0.0,0.0,вЂ”,рџљ—
11,6,3,K22,ORD-CL-202612-000541_103217266,"avenida. manuel montt 6339, Recoleta, Santiago, Chile","(-33.4305, -70.6192)",5.78,15.8,18:59,"[19:00, 21:00]",21:15,18:59,5.0,1439.1,194.5,0.0,0.0,0.0,0.0,вњ…
11,7,3,K22,ORD-CL-202612-000447_121127642,"avenida. apoquindo 7063, Providencia, Santiago, Chile","(-33.4182, -70.6014)",2.73,6.9,19:11,"[19:00, 21:00]",21:15,19:11,5.0,703.2,90.7,0.0,0.0,0.0,0.0,вњ…
11,8,3,K22,ORD-CL-202612-000415_149727664,"avenida. santa rosa 7428, Macul, Santiago, Chile","(-33.5268, -70.6356)",14.6,33.6,19:49,"[19:00, 21:00]",21:15,19:49,5.0,1582.1,295.6,0.0,0.0,0.0,0.0,вњ…
11,9,3,K22,DEPOT_01_BASE,Base DepГіsito,"(-33.4713, -70.6268)",6.97,14.8,20:09,вЂ”,вЂ”,вЂ”,вЂ”,вЂ”,вЂ”,вЂ”,0.0,0.0,вЂ”,рџЏ 
12,0,4,K21,DEPOT_01_BASE,Base DepГіsito,"(-33.4713, -70.6268)",0.0,0.0,12:23,вЂ”,вЂ”,12:23,вЂ”,вЂ”,вЂ”,вЂ”,0.0,0.0,вЂ”,рџљ—
12,1,4,K21,ORD-CL-202612-000288_137557098,"avenida. kennedy 9990, MaipГє, Santiago, Chile","(-33.3849, -70.5369)",15.08,36.2,13:00,"[13:00, 15:00]",15:15,13:00,5.0,1182.1,154.8,0.0,0.0,0.0,0.0,вњ…
12,2,4,K21,ORD-CL-202612-000587_61065850,"avenida. kennedy 8602, Independencia, Santiago, Chile","(-33.3899, -70.5493)",1.32,3.2,13:08,"[13:00, 15:00]",15:15,13:08,5.0,781.7,170.1,0.0,0.0,0.0,0.0,вњ…
12,3,4,K21,ORD-CL-202612-000710_13689284  3,"calle san diego 2653, Vitacura, Santiago, Chile","(-33.3818, -70.5658)",2.17,5.2,13:18,"[09:00, 21:00]",21:15,13:18,5.0,858.0,194.0,0.0,0.0,0.0,0.0,вњ…
12,4,4,K21,DEPOT_01_BASE,Base DepГіsito,"(-33.4713, -70.6268)",13.23,31.7,13:55,вЂ”,вЂ”,вЂ”,вЂ”,вЂ”,вЂ”,вЂ”,0.0,0.0,вЂ”,рџЏ 
12,5,1,K22,DEPOT_01_BASE,Base DepГіsito,"(-33.4713, -70.6268)",0.0,0.0,17:00,вЂ”,вЂ”,17:00,вЂ”,вЂ”,вЂ”,вЂ”,0.0,0.0,вЂ”,рџљ—
12,6,1,K22,ORD-CL-202612-000563_6534246  7,"avenida. independencia 8549, Quinta Normal, Santiago, Chile","(-33.4247, -70.6548)",6.65,19.0,17:19,"[09:00, 21:00]",21:15,17:19,5.0,2236.3,284.0,0.0,0.0,0.0,0.0,вњ…
12,7,1,K22,ORD-CL-202612-000416_194645093,"avenida. libertador bernardo o'higgins 2778, Recoleta, Santiago, Chile","(-33.3979, -70.6573)",3.45,11.0,17:34,"[09:00, 21:00]",21:15,17:34,5.0,1449.0,217.1,0.0,0.0,0.0,0.0,вњ…
12,8,1,K22,DEPOT_01_BASE,Base DepГіsito,"(-33.4713, -70.6268)",9.79,32.6,18:12,вЂ”,вЂ”,вЂ”,вЂ”,вЂ”,вЂ”,вЂ”,0.0,0.0,вЂ”,рџЏ 
13,0,0,K11,DEPOT_01_BASE,Base DepГіsito,"(-33.4713, -70.6268)",0.0,0.0,09:00,вЂ”,вЂ”,09:00,вЂ”,вЂ”,вЂ”,вЂ”,0.0,0.0,вЂ”,рџљ—
13,1,0,K11,ORD-CL-202612-000443_219566411,"gran avenida. jose miguel carrera 1848, Recoleta, Santiago, Chile","(-33.5836, -70.6974)",15.55,40.6,09:40,"[09:00, 21:00]",21:15,09:40,5.0,2610.3,418.4,0.0,0.0,0.0,0.0,вњ…
13,2,0,K11,DEPOT_01_BASE,Base DepГіsito,"(-33.4713, -70.6268)",15.74,40.5,10:26,вЂ”,вЂ”,вЂ”,вЂ”,вЂ”,вЂ”,вЂ”,0.0,0.0,вЂ”,рџЏ 
13,3,4,K12,DEPOT_01_BASE,Base DepГіsito,"(-33.4713, -70.6268)",0.0,0.0,15:00,вЂ”,вЂ”,15:00,вЂ”,вЂ”,вЂ”,вЂ”,0.0,0.0,вЂ”,рџљ—
13,4,4,K12,ORD-CL-202612-000782_92724301,"avenida. kennedy 3695, La Reina, Santiago, Chile","(-33.3927, -70.5554)",13.37,30.8,15:30,"[09:00, 21:00]",21:15,15:30,5.0,901.2,179.7,0.0,0.0,0.0,0.0,вњ…
13,5,4,K12,ORD-CL-202612-000604_15618442  9,"avenida. las condes 1859, Macul, Santiago, Chile","(-33.3938, -70.5449)",1.35,3.2,15:39,"[09:00, 21:00]",21:15,15:39,5.0,1813.5,248.0,0.0,0.0,0.0,0.0,вњ…
13,6,4,K12,DEPOT_01_BASE,Base DepГіsito,"(-33.4713, -70.6268)",13.41,32.2,16:16,вЂ”,вЂ”,вЂ”,вЂ”,вЂ”,вЂ”,вЂ”,0.0,0.0,вЂ”,рџЏ 
14,0,1,K21,DEPOT_01_BASE,Base DepГіsito,"(-33.4713, -70.6268)",0.0,0.0,11:00,вЂ”,вЂ”,11:00,вЂ”,вЂ”,вЂ”,вЂ”,0.0,0.0,вЂ”,рџљ—
14,1,1,K21,ORD-CL-202612-000526_11330850    8,"avenida. pajaritos 9008, Independencia, Santiago, Chile","(-33.4224, -70.6552)",6.96,16.7,11:16,"[11:00, 13:00]",13:15,11:16,5.0,2250.6,313.3,0.0,0.0,0.0,0.0,вњ…
14,2,1,K21,ORD-CL-202612-000597_192461339,"avenida. mapocho 4083, La Florida, Santiago, Chile","(-33.4321, -70.6903)",4.67,11.2,11:32,"[09:00, 21:00]",21:15,11:32,5.0,281.6,64.3,0.0,0.0,0.0,0.0,вњ…
14,3,1,K21,ORD-CL-202612-000555_8829354  0,"avenida. matta 1351, Macul, Santiago, Chile","(-33.4595, -70.6519)",6.36,15.3,11:53,"[11:00, 13:00]",13:15,11:53,5.0,586.6,85.5,0.0,0.0,0.0,0.0,вњ…
14,4,1,K21,ORD-CL-202612-000462_88760271,"calle morande 3445, Santiago, Santiago, Chile","(-33.4386, -70.6539)",2.64,6.3,12:04,"[09:00, 21:00]",21:15,12:04,5.0,378.1,66.6,0.0,0.0,0.0,0.0,вњ…
14,5,1,K21,DEPOT_01_BASE,Base DepГіsito,"(-33.4713, -70.6268)",5.41,13.0,12:22,вЂ”,вЂ”,вЂ”,вЂ”,вЂ”,вЂ”,вЂ”,0.0,0.0,вЂ”,рџЏ 
14,6,1,K22,DEPOT_01_BASE,Base DepГіsito,"(-33.4713, -70.6268)",0.0,0.0,17:00,вЂ”,вЂ”,17:00,вЂ”,вЂ”,вЂ”,вЂ”,0.0,0.0,вЂ”,рџљ—
14,7,1,K22,ORD-CL-202612-000607_16426911    9,"avenida. independencia 2471, Г‘uГ±oa, Santiago, Chile","(-33.4034, -70.6635)",9.2,26.3,17:26,"[09:00, 21:00]",21:15,17:26,5.0,5463.4,585.3,0.0,0.0,0.0,0.0,вњ…
14,8,1,K22,DEPOT_01_BASE,Base DepГіsito,"(-33.4713, -70.6268)",9.28,30.6,18:01,вЂ”,вЂ”,вЂ”,вЂ”,вЂ”,вЂ”,вЂ”,0.0,0.0,вЂ”,рџЏ 
15,0,1,K11,DEPOT_01_BASE,Base DepГіsito,"(-33.4713, -70.6268)",0.0,0.0,09:00,вЂ”,вЂ”,09:00,вЂ”,вЂ”,вЂ”,вЂ”,0.0,0.0,вЂ”,рџљ—
15,1,1,K11,ORD-CL-202612-000419_105959448,"calle arturo prat 9278, Г‘uГ±oa, Santiago, Chile","(-33.4534, -70.6484)",3.73,9.7,09:09,"[09:00, 21:00]",21:15,09:09,5.0,1892.6,231.1,0.0,0.0,0.0,0.0,вњ…
15,2,1,K11,ORD-CL-202612-000291_9415369  1,"calle san antonio 8998, Recoleta, Santiago, Chile","(-33.4376, -70.6484)",2.33,6.1,09:20,"[09:00, 21:00]",21:15,09:20,5.0,613.8,98.1,0.0,0.0,0.0,0.0,вњ…
15,3,1,K11,ORD-CL-202612-000432_74867776,"avenida. recoleta 4097, EstaciГіn Central, Santiago, Chile","(-33.3874, -70.6421)",5.88,15.3,09:41,"[09:00, 21:00]",21:15,09:41,5.0,233.2,41.9,0.0,0.0,0.0,0.0,вњ…
15,4,1,K11,DEPOT_01_BASE,Base DepГіsito,"(-33.4713, -70.6268)",10.05,25.8,10:11,вЂ”,вЂ”,вЂ”,вЂ”,вЂ”,вЂ”,вЂ”,0.0,0.0,вЂ”,рџЏ 
15,5,0,K12,DEPOT_01_BASE,Base DepГіsito,"(-33.4713, -70.6268)",0.0,0.0,15:00,вЂ”,вЂ”,15:00,вЂ”,вЂ”,вЂ”,вЂ”,0.0,0.0,вЂ”,рџљ—
15,6,0,K12,ORD-CL-202612-000635_15073105  3,"avenida. la florida 8463, EstaciГіn Central, Santiago, Chile","(-33.5297, -70.5759)",8.88,20.5,15:20,"[09:00, 21:00]",21:15,15:20,5.0,2981.1,503.8,0.0,0.0,0.0,0.0,вњ…
15,7,0,K12,ORD-CL-202612-000558_222234300,"avenida. tobalaba 8047, La Florida, Santiago, Chile","(-33.5166, -70.5585)",3.17,7.4,15:32,"[09:00, 21:00]",21:15,15:32,5.0,600.3,59.7,0.0,0.0,0.0,0.0,вњ…
15,8,0,K12,DEPOT_01_BASE,Base DepГіsito,"(-33.4713, -70.6268)",9.66,23.0,16:00,вЂ”,вЂ”,вЂ”,вЂ”,вЂ”,вЂ”,вЂ”,0.0,0.0,вЂ”,рџЏ 
16,0,3,K21,DEPOT_01_BASE,Base DepГіsito,"(-33.4713, -70.6268)",0.0,0.0,12:33,вЂ”,вЂ”,12:33,вЂ”,вЂ”,вЂ”,вЂ”,0.0,0.0,вЂ”,рџљ—
16,1,3,K21,ORD-CL-202612-000618_12660541  2,"calle arturo prat 4097, MaipГє, Santiago, Chile","(-33.4970, -70.7221)",10.85,26.0,13:00,"[13:00, 15:00]",15:15,13:00,5.0,2052.8,278.5,0.0,0.0,0.0,0.0,вњ…
16,2,3,K21,ORD-CL-202612-000559_17458213  6,"avenida. santa rosa 3463, Г‘uГ±oa, Santiago, Chile","(-33.4888, -70.6405)",9.69,23.2,13:28,"[13:00, 15:00]",15:15,13:28,5.0,1636.8,226.9,0.0,0.0,0.0,0.0,вњ…
16,3,3,K21,DEPOT_01_BASE,Base DepГіsito,"(-33.4713, -70.6268)",3.19,7.5,13:40,вЂ”,вЂ”,вЂ”,вЂ”,вЂ”,вЂ”,вЂ”,0.0,0.0,вЂ”,рџЏ 
16,4,0,K22,DEPOT_01_BASE,Base DepГіsito,"(-33.4713, -70.6268)",0.0,0.0,17:00,вЂ”,вЂ”,17:00,вЂ”,вЂ”,вЂ”,вЂ”,0.0,0.0,вЂ”,рџљ—
16,5,0,K22,ORD-CL-202612-000412_92125657,"avenida. santa rosa 7074, Lo Prado, Santiago, Chile","(-33.5258, -70.6357)",7.27,20.8,17:20,"[09:00, 21:00]",21:15,17:20,5.0,992.4,126.0,0.0,0.0,0.0,0.0,вњ…
16,6,0,K22,ORD-CL-202612-000538_110465405,"avenida. santa rosa 7373, Г‘uГ±oa, Santiago, Chile","(-33.5260, -70.6359)",0.1,0.3,17:26,"[09:00, 21:00]",21:15,17:26,5.0,2437.5,327.8,0.0,0.0,0.0,0.0,вњ…
16,7,0,K22,DEPOT_01_BASE,Base DepГіsito,"(-33.4713, -70.6268)",6.9,22.8,17:53,вЂ”,вЂ”,вЂ”,вЂ”,вЂ”,вЂ”,вЂ”,0.0,0.0,вЂ”,рџЏ 
17,0,1,K11,DEPOT_01_BASE,Base DepГіsito,"(-33.4713, -70.6268)",0.0,0.0,09:00,вЂ”,вЂ”,09:00,вЂ”,вЂ”,вЂ”,вЂ”,0.0,0.0,вЂ”,рџљ—
17,1,1,K11,ORD-CL-202612-000414_225112127,"calle huerfanos 1261, PeГ±alolГ©n, Santiago, Chile","(-33.4394, -70.6541)",5.49,14.3,09:14,"[09:00, 21:00]",21:15,09:14,5.0,1603.5,265.6,0.0,0.0,0.0,0.0,вњ…
17,2,1,K11,ORD-CL-202612-000517_147725885,"avenida. departamental 5011, Independencia, Santiago, Chile","(-33.4224, -70.6552)",2.42,6.3,09:25,"[09:00, 21:00]",21:15,09:25,5.0,624.9,62.4,0.0,0.0,0.0,0.0,вњ…
17,3,1,K11,ORD-CL-202612-000581_68915259,"avenida. libertador bernardo o'higgins 9532, Vitacura, Santiago, Chile","(-33.4451, -70.6574)",3.21,8.4,09:39,"[09:00, 11:00]",11:15,09:39,5.0,1199.4,202.0,0.0,0.0,0.0,0.0,вњ…
17,4,1,K11,DEPOT_01_BASE,Base DepГіsito,"(-33.4713, -70.6268)",5.46,14.1,09:58,вЂ”,вЂ”,вЂ”,вЂ”,вЂ”,вЂ”,вЂ”,0.0,0.0,вЂ”,рџЏ 
17,5,3,K12,DEPOT_01_BASE,Base DepГіsito,"(-33.4713, -70.6268)",0.0,0.0,15:00,вЂ”,вЂ”,15:00,вЂ”,вЂ”,вЂ”,вЂ”,0.0,0.0,вЂ”,рџљ—
17,6,3,K12,ORD-CL-202612-000513_8903786  7,"avenida. departamental 1684, San Miguel, Santiago, Chile","(-33.5028, -70.6574)",5.65,13.0,15:13,"[15:00, 17:00]",17:15,15:13,5.0,2219.3,295.7,0.0,0.0,0.0,0.0,вњ…
17,7,3,K12,ORD-CL-202612-000293_76866184,"calle catedral 8449, Santiago, Santiago, Chile","(-33.4383, -70.6599)",7.97,18.5,15:36,"[15:00, 17:00]",17:15,15:36,5.0,1014.2,157.7,0.0,0.0,0.0,0.0,вњ…
17,8,3,K12,DEPOT_01_BASE,Base DepГіsito,"(-33.4713, -70.6268)",6.12,14.7,15:56,вЂ”,вЂ”,вЂ”,вЂ”,вЂ”,вЂ”,вЂ”,0.0,0.0,вЂ”,рџЏ 
18,0,1,K11,DEPOT_01_BASE,Base DepГіsito,"(-33.4713, -70.6268)",0.0,0.0,09:00,вЂ”,вЂ”,09:00,вЂ”,вЂ”,вЂ”,вЂ”,0.0,0.0,вЂ”,рџљ—
18,1,1,K11,ORD-CL-202612-000470_14867251  1,"calle catedral 3440, Independencia, Santiago, Chile","(-33.4383, -70.6599)",6.11,15.9,09:15,"[09:00, 21:00]",21:15,09:15,5.0,2104.2,277.1,0.0,0.0,0.0,0.0,вњ…
18,2,1,K11,ORD-CL-202612-000379_81856374,"calle santo domingo 1982, EstaciГіn Central, Santiago, Chile","(-33.4376, -70.6634)",0.33,0.8,09:21,"[09:00, 21:00]",21:15,09:21,5.0,208.4,37.2,0.0,0.0,0.0,0.0,вњ…
18,3,1,K11,ORD-CL-202612-000750_12118902  3,"avenida. manuel montt 5488, Providencia, Santiago, Chile","(-33.4468, -70.6139)",5.9,15.4,09:42,"[09:00, 21:00]",21:15,09:42,5.0,430.9,98.7,0.0,0.0,0.0,0.0,вњ…
18,4,1,K11,DEPOT_01_BASE,Base DepГіsito,"(-33.4713, -70.6268)",3.71,9.5,09:56,вЂ”,вЂ”,вЂ”,вЂ”,вЂ”,вЂ”,вЂ”,0.0,0.0,вЂ”,рџЏ 
18,5,3,K12,DEPOT_01_BASE,Base DepГіsito,"(-33.4713, -70.6268)",0.0,0.0,16:47,вЂ”,вЂ”,16:47,вЂ”,вЂ”,вЂ”,вЂ”,0.0,0.0,вЂ”,рџљ—
18,6,3,K12,ORD-CL-202612-000473_212214039,"calle huerfanos 2937, Providencia, Santiago, Chile","(-33.4399, -70.6530)",5.34,15.3,17:02,"[17:00, 19:00]",19:15,17:02,5.0,618.2,107.5,0.0,0.0,0.0,0.0,вњ…
18,7,3,K12,ORD-CL-202612-000630_11972250  9,"avenida. mapocho 159, PeГ±alolГ©n, Santiago, Chile","(-33.4320, -70.6590)",1.44,4.2,17:12,"[17:00, 19:00]",19:15,17:12,5.0,1506.3,158.6,0.0,0.0,0.0,0.0,вњ…
18,8,3,K12,ORD-CL-202612-000539_199627021,"calle monjitas 8816, Macul, Santiago, Chile","(-33.4359, -70.6420)",1.82,5.6,17:22,"[17:00, 19:00]",19:15,17:22,5.0,1196.2,178.8,0.0,0.0,0.0,0.0,вњ…
18,9,3,K12,DEPOT_01_BASE,Base DepГіsito,"(-33.4713, -70.6268)",4.62,15.0,17:42,вЂ”,вЂ”,вЂ”,вЂ”,вЂ”,вЂ”,вЂ”,0.0,0.0,вЂ”,рџЏ 
19,0,1,K21,DEPOT_01_BASE,Base DepГіsito,"(-33.4713, -70.6268)",0.0,0.0,11:00,вЂ”,вЂ”,11:00,вЂ”,вЂ”,вЂ”,вЂ”,0.0,0.0,вЂ”,рџљ—
19,1,1,K21,ORD-CL-202612-000420_55516540,"calle monjitas 9410, La Reina, Santiago, Chile","(-33.4359, -70.6420)",4.7,11.3,11:11,"[11:00, 13:00]",13:15,11:11,5.0,1963.0,283.2,0.0,0.0,0.0,0.0,вњ…
19,2,1,K21,ORD-CL-202612-000535_189228084,"calle monjitas 1794, Macul, Santiago, Chile","(-33.4359, -70.6420)",0.0,0.0,11:16,"[09:00, 21:00]",21:15,11:16,5.0,708.0,89.1,0.0,0.0,0.0,0.0,вњ…
19,3,1,K21,ORD-CL-202612-000615_120995122,"calle amunategui 3478, Independencia, Santiago, Chile","(-33.4163, -70.6676)",3.99,9.6,11:30,"[11:00, 13:00]",13:15,11:30,5.0,959.1,138.9,0.0,0.0,0.0,0.0,вњ…
19,4,1,K21,DEPOT_01_BASE,Base DepГіsito,"(-33.4713, -70.6268)",8.48,20.3,11:56,вЂ”,вЂ”,вЂ”,вЂ”,вЂ”,вЂ”,вЂ”,0.0,0.0,вЂ”,рџЏ 
19,5,1,K22,DEPOT_01_BASE,Base DepГіsito,"(-33.4713, -70.6268)",0.0,0.0,17:00,вЂ”,вЂ”,17:00,вЂ”,вЂ”,вЂ”,вЂ”,0.0,0.0,вЂ”,рџљ—
19,6,1,K22,ORD-CL-202612-000367_18208456  5,"avenida. irarrazaval 2396, Macul, Santiago, Chile","(-33.4539, -70.6063)",3.72,10.6,17:10,"[09:00, 21:00]",21:15,17:10,5.0,939.0,128.5,0.0,0.0,0.0,0.0,вњ…
19,7,1,K22,ORD-CL-202612-000317_18807122  0,"avenida. irarrazaval 3792, Las Condes, Santiago, Chile","(-33.4552, -70.5901)",1.5,4.6,17:20,"[09:00, 21:00]",21:15,17:20,5.0,1783.0,269.1,0.0,0.0,0.0,0.0,вњ…
19,8,1,K22,DEPOT_01_BASE,Base DepГіsito,"(-33.4713, -70.6268)",5.04,16.1,17:41,вЂ”,вЂ”,вЂ”,вЂ”,вЂ”,вЂ”,вЂ”,0.0,0.0,вЂ”,рџЏ 
20,0,1,K12,DEPOT_01_BASE,Base DepГіsito,"(-33.4713, -70.6268)",0.0,0.0,15:00,вЂ”,вЂ”,15:00,вЂ”,вЂ”,вЂ”,вЂ”,0.0,0.0,вЂ”,рџљ—
20,1,1,K12,ORD-CL-202612-000568_6256899  1,"calle teatinos 3427, Lo Prado, Santiago, Chile","(-33.4447, -70.6542)",5.12,11.8,15:11,"[09:00, 21:00]",21:15,15:11,5.0,1402.3,226.2,0.0,0.0,0.0,0.0,вњ…
20,2,1,K12,ORD-CL-202612-000584_89037867,"avenida. departamental 1684, San Miguel, Santiago, Chile","(-33.5028, -70.6574)",6.9,16.0,15:32,"[09:00, 21:00]",21:15,15:32,5.0,1095.5,211.5,0.0,0.0,0.0,0.0,вњ…
20,3,1,K12,DEPOT_01_BASE,Base DepГіsito,"(-33.4713, -70.6268)",6.13,14.6,15:52,вЂ”,вЂ”,вЂ”,вЂ”,вЂ”,вЂ”,вЂ”,0.0,0.0,вЂ”,рџЏ 
